titre,auteur,type,genre,annee,serie,volume,dispo
Le dernier restaurant avant la fin du monde,Adams Douglas ,Roman,SF,,,,1
Le guide du voyageur galactique,Adams Douglas ,Roman,SF,,,,1
L'amandière,Agnello Hornby Simonetta ,Roman,Polar,,,,0
Dès le printemps la cafétéria est ouverte dans le parc,Albertini Michel,Théâtre,,,,,1
Le meilleur des mondes,Aldous Huxley ,Roman,Classique,,,,1
Le meilleur des mondes,Aldous Huxley ,Roman,Classique,,,,1
La servante écarlate,Atwood Margaret,Roman,,,,,1
Algérie,Amnesty International,Doc,Histoire,,,,0
Fédération de Russie,Amnesty International,Doc,Histoire,,,,0
Le tombeur,Anderson Alston ,Roman,Fiction,,,,1
Le dernier chant des sirènes,Anderson Poul ,Roman,SF,,,,1
L'herbe bleue,Anonyme,Roman,Fiction,,,,1
La loi des mâles,Druon Maurice,Roman,,,,,1
Le joyau noir ,Moorcock M.,Roman,SF,,,,1
Antigone,Anouilh Jean,Théâtre,,,,,1
L'ampoule de cendres,Arnaud Georges-Jean,Roman,SF,,,,1
Le gnome halluciné,Arnaud Georges-Jean,Roman,SF,,,,1
On ne fait jamais vraiment ce que l'on veut,Arnothy Christine ,Roman,Fiction,,,,1
Pour la liberté de la presse,Arthus-Bertrand Yann ,Doc,Photo,,,,0
Face aux feux du soleil,Asimov Isaac ,Roman,SF,,,,1
Seconde fondation,Asimov Isaac ,Roman,SF,,,,1
Seconde fondation,Asimov Isaac ,Roman,SF,,,,1
L'instant où tout a basculé,Augier Sylvain ,Roman,Fiction,,,,1
Pensées pour moi-même et manuel d'Epictete,Aurele Marc ,Essai,Philosophie,,,,0
Orgueil et préjugés,Austen Jane ,Roman,,,,,1
Pride and Prejudice,Austen Jane ,Roman,Étranger,,,,0
Trilogie New-Yorkaise,Auster Paul ,Roman,Fiction,,,,1
Histoires de planètes,Auteurs multiples,Nouvelle,SF,,,,0
Les messagers des vents,Avit Clélie ,Roman,SF,,,,1
L'amour est enfant de salaud,Ayckbourn Alan,Théâtre,,,L'avant-scène,1144,1
A cut in the rates,Ayckbourn Alan ,Roman,Étranger,,,,0
Derrière chez Martin,Aymé Marcel,Roman,Classique,,,,1
La table-aux-crevés,Aymé Marcel,Roman,Classique,,,,1
De l'amirauté à Bikini,Ballande Henri ,Roman,Guerre,,,,0
La Duchesse de Langeais,Balzac,Roman,,,,,1
La peau de chagrin,Balzac,Roman,,,,,1
Le lys dans la vallée,Balzac,Roman,Classique,,,,1
L'usage des armes,Banks Iain ,Roman,SF,,,,1
Cités biotiques,Barbet Pierre ,Roman,SF,,,,1
Rédiger des testes techniques et scientifiques en français et en anglais,Barbottin Gérard ,Doc,Sciences,,,,0
Le feu,Barbusse,Roman,,,,,1
La jeune épouse,Baricco Alessandro ,Roman,Fiction,,,,1
La nuit des temps,Barjavel,Roman,Fiction,,,,1
The truth according to us,Barrows Annie ,Roman,Étranger,,,,0
Les carnets de Guerre de [...],Barthas Louis ,Roman,Guerre,,,,0
Critique et vérité,Barthes Roland,Essai,Philosophie,,,,0
Le scaphandre et le papillon,Bauby Jean-Dominique ,Roman,Fiction,,,,1
Les fleurs du mal,Beaudelaire Charles,Recueil de poèmes,,,,,1
Les cavernes de l'Id,Davis LP,Roman,SF,,,,1
L'Asie du Sud-Est l'Océanie et l'Antarctique,Beazley Mitchell ,Doc,Géographie,,,,0
La case de l'oncle Tom,Beecher-Stowe Harriet,Roman,Classique,,,,1
L'ideal,Beigbeder Frédéric ,Roman,,,,,0
Après la pluie,Belbel Sergi,Théâtre,,,,,1
Les lumières de l'aube,Belfer Lauren,Roman,Classique,,,,1
L'enfant de sable,Ben Jelloun Tahar,Roman,Classique,,,,1
un paysage du temps,Benford Grégory ,Roman,Fantastique,,,1,0
Marées de lumière,Benford Grégory ,Roman,SF,,,,1
Alberte,Benoit Pierre,Roman,Classique,,,,1
Le lac salé,Benoit Pierre,Roman,Classique,,,,1
Lunegarde,Benoit Pierre,Roman,Classique,,,,1
La mort en rouge,Benson Stephanie ,Roman,Polar,,,,0
les joyaux de la sorcière,Benzoni juliette ,Roman,Fantastique,,,,1
De l'écriture à la psychanalyse,Berger André ,Essai,Psycho,,,,0
La Cathédrale Notre Dame d'Amiens,Bernard Hervé,Doc,Histoire,,,,0
Les portes du futur,Bessiere Richard ,Roman,SF,,,,0
La maison des enfants,Boissard Janine ,Roman,Fiction,,,,1
Douze Légionnaires,Bonnecarrière Paul ,Roman,Guerre,,,,0
Le chemin des caracoles,Boulanger Daniel ,Roman,Fiction,,,,1
La planète des singes,Boulle Pierre ,Roman,SF,,,,1
La cote 512,Bourcy Thierry ,Roman,Guerre,,,,0
En attendant Bojangles,Bourdeaut Olivier ,Roman,Fiction,,,,1
Quotient intellectuel à vendre,Boyd John ,Roman,SF,,,,1
La leçon d'Amour dans un parc,Boylesve René ,Roman,Fiction,,,,1
Fahrenheit 451,Bradbury Ray,Roman,Classique,,,,1
Bien après minuit,Bradbury Ray ,Roman,SF,,,,1
Chroniques Martiennes,Bradbury Ray ,Roman,SF,,,,1
La foire des ténèbres,Bradbury Ray ,Roman,SF,,,,1
Le pays d'octobre,Bradbury Ray ,Roman,SF,,,,1
Les pommes d'or du soleil,Bradbury Ray ,Roman,SF,,,,1
Le mystère de Fernwood,Braddon Mary Elizabeth ,Roman,Polar,,,,0
L'escadron,Branet Jacques ,Roman,Guerre,,,,0
La Guerre des elfes,Brennan Herbie ,Roman,Fantasy,2011,,1,1
Au coeur de la comète,Brin David ,Roman,SF,,,,1
Le monde de l'exil,Brin David ,Roman,SF,,Rédemption,1,1
Jane Eyre,Brontë Charlotte,Roman,Étranger,,,,0
Le Glaive de Shannara,Brooks Terry ,Roman,SF,,Shannara,,1
Les Pierres des elfes Shannara,Brooks Terry ,Roman,SF,,Shannara,,1
Origine,Brown Dan ,Roman,Fiction,,,,0
Paradoxe perdu,Brown Frederic ,Roman,SF,,,,1
OSS 117,Bruce Jean ,Roman,Polar,,,,0
Les proverbes,Brunet Sylvie ,Doc,Langues,,,,0
Les chimères de l'ombre,Brunner John ,Roman,SF,,,,1
Tous à Zanzibar,Brunner John ,Roman,SF,,,1,1
L'homme aux yeux de napalm,Brussolo Serge ,Roman,Fiction,,,,1
mastruzzi enquête,Cacucci Pino ,Roman,Polar,,,,0
La bonne adresse,Camoletti Marc,Théâtre,,,,,1
Spirale de malchance,Campbell Ramsey ,Roman,SF,,,,1
La chute,Camus Albert,Roman,Classique,,,,1
L'aliéniste,Carr Caleb ,Roman,Polar,,,,0
L'irlandaise,Cash Spellmanh Cathy ,Roman,Fiction,,,,1
La comédie anglaise au XXe siècle,Catsiapis Hélène,Théâtre,,,,,1
La royauté anglaise au 20eme siècle,Catsiapis Hélène ,Doc,Histoire,,,,0
Les luminaires,Catton Eleanor ,Roman,Polar,,,,0
L'amour aveugle,Cauvin Patrick ,Roman,Fiction,,,,1
Pythagore je t'adore,Cauvin Patrick ,Roman,Fiction,,,,1
Les Ogres du Gange - le siècle de chimères,Cavalier Philippe ,Roman,SF,1957,,,1
Mort à crédit,Céline Louis-Ferdinand ,Roman,Classique,,,,1
Chiens perdus sans collier,Cesbron Gilbert ,Roman,Fiction,,,,1
Chiens perdus sans collier,Cesbron Gilbert ,Roman,Fiction,,,,1
Texaco,Chamoiseau Patrick ,Roman,Fiction,,,,1
Les tigres d'Allah,Chandra Vikram ,Roman,Fiction,,,,1
Le sixième jour,Chedid Andrée ,Roman,Fiction,,,,1
L'ogre,Chessex Jacques ,Roman,Fiction,,,,1
Mascarade,Chevallier Gabriel ,Roman,Fiction,,,,1
Dix petits nègres,Christie Agatha ,Roman,Polar,,,,1
Le crime de l'orient express,Christie Agatha ,Roman,Polar,,,,0
N ou M ?,Christie Agatha ,Roman,Polar,,,,0
City of Bones,Clare Cassandra ,Roman,Étranger,,The mortal instruments,1,0
Dors ma jolie,Clark Mary Higgins ,Roman,Polar,,,,0
La nuit du renard,Clark Mary Higgins ,Roman,Polar,,,,0
Le démon du passé,Clark Mary Higgins ,Roman,Polar,,,,0
Recherche jeune femme aimant danser,Clark Mary Higgins ,Roman,Polar,,,,0
Vous ne devinerez jamais,Clark Mary Jane ,Roman,Polar,,,,0
Base Venus la lune de diamant,Clarke Arthur C.,Roman,SF,,Base Venus,5,1
Base Venus les lumineux,Clarke Arthur C.,Roman,SF,,Base Venus,6,1
Base Venus Maleström,Clarke Arthur C.,Roman,SF,,Base Venus,2,1
2001 l'odyssée de l'espace,Clarke Arthur C.,Roman,SF,,,,1
2061 : Odyssée trois,Clarke Arthur C.,Roman,SF,,,,1
2010 : Odyssée deux,Clarke Arthur C.,Roman,SF,,,,1
Rendez vous avec rama,Clarke Arthur C.,Roman,SF,,,,1
Jonathan Strange & Mr Norrell,Clarke Susanna ,Roman,SF,,,,0
Jonathan Strange and Mr Norrel,Clarke Susanna ,Roman,Étranger,,,,0
Les âmes grises,Claudel Philippe ,Roman,Fiction,,,,1
L'homme du labrador,Clavel Bernard,Roman,Classique,,,,1
Les mémoires de Fanny Hill,Cleland John,Roman,Classique,,,,1
Comment j'ai arrêté de manger des animaux,Clément Hugo ,Doc,Psycho,,,,0
La difficulté d'être,Cocteau Jean ,Essai,Philosophie,,,,0
La maison du sommeil,Coe Jonathan ,Roman,Polar,,,,0
Le zahir,Coelho Paulo ,Roman,Fiction,,,,1
Elémentaire mon cher watson,Colin Bruce,Roman,Polar,,,,0
L'étrange affaire du chat de madame Hudson,Colin Bruce,Roman,Polar,,,,0
Mocking jay,Colinns Suzanne ,Roman,Fantastique,,Hunger games,2,1
Catching fire,Colinns Suzanne ,Roman,Fantastique,,Hunger games,1,1
1914-1918 : français et allemands dans les tranchées,Collectif,Roman,Guerre,,,,0
La drôle de paix,Collectif,Roman,Guerre,,,,0
Le dégoût de la Guerre de 1914,Collectif,Roman,Guerre,,,,0
Les derniers jours des dictateurs,Collectif,Roman,Guerre,,,,0
Les lendemains qui ne chantaient pas,Collectif,Roman,Guerre,,,,0
Paroles de poilus,Collectif,Roman,Guerre,,,,0
Le Théâtre comique au Moyen-Âge,Collectif,Théâtre,,,,,1
La dame en blanc,Collins Wilkie ,Roman,Fiction,,,,1
La robe noire,Collins Wilkie ,Roman,Fiction,,,,1
Le jardin méditerannéen,Colombo Adriano et Lefèvre Isabelle,Doc,Jardinage,,,,0
Etude en rouge,Conan Doyle Arthur,Roman,Polar,,,,0
Le chien des Baskerville,Conan Doyle Arthur,Roman,Polar,,,,1
Compagnons pour la vie,Condoret Ange ,Roman,,,,,1
Le poète,Connely Michael ,Roman,Polar,,,,0
Impair et père,Cooney Ray,Théâtre,,,L'avant-scène,1103,1
Le Cid,Corneille Pierre,Théâtre,,,,,1
Le Menteur,Corneille Pierre,Théâtre,,,,,1
Horace,Corneille Pierre,Théâtre,,,,,1
à la recherches des monstres lacustres,Costello Peter ,Roman,SF,,,,0
La cible,Coulter Catherine ,Roman,Fiction,,,,1
Le train de 8h47,Courteline Georges ,Roman,Guerre,,,,0
Indigo Blues,Crais Robert ,Roman,Polar,,,,0
L.A requiem,Crais Robert ,Roman,Polar,,,,0
Mon Amie Alatna,Crisler Lois ,Roman,Fiction,,,,1
Rut aux étoiles,Curval Philippe ,Roman,SF,,,,1
Presque rien sur presque tout,d'Oremesson Jean ,Essai,Philosophie,,,,0
La douane de mer,d'Ormesson Jean,Roman,Classique,,,,1
Le vent du soir,d'Ormesson Jean,Roman,,,,,1
La tempête des échos,Dabos Christelle,Roman,SF,,Le passe-miroir,4,1
La mémoire de Babel,Dabos Christelle,Roman,SF,,Le passe-miroir,3,1
Les fiancés de l'hiver,Dabos Christelle,Roman,SF,,Le passe-miroir,1,1
Les disparus du Clairedelune,Dabos Christelle,Roman,SF,,Le passe-miroir,2,1
L'année du dragon,Dalley Robert ,Roman,Polar,,,,0
Les Furtifs,Damasio Alain ,Roman,SF,,,,1
La horde du contrevent,Damasio Alain ,Roman,SF,,,,1
L'heure de vérité,Danella Utta ,Roman,Fiction,,,,1
Les petites manoeuvres,Daniel Simon ,Théâtre,,,,,1
Roulette Russe,Daridjana,Roman,Polar,,,,0
White,Darrieussecq Marie ,Roman,Fiction,,,,1
Le labyrinthe,Daschner James ,Roman,Fantastique,,,,1
The kill order,Dashner James ,Roman,Étranger,,,,0
Capharnaüm,De Baecque André,Théâtre,,,,,1
L'invitée,De Beauvoir Simone,Roman,Classique,,,,1
Phèdre,Racine Jean,Théâtre,,,,,1
Mémoires d'une jeune fille rangée,De Beauvoir Simone,Roman,Classique,,,,0
Conan l'aquilonien,De camp Lyon Sprague,Roman,SF,,Conan,,1
Conan le justicier,De camp Lyon Sprague,Roman,SF,,Conan,,1
Les vampires de Manhattan,De la Cruz Melissa,Roman,Fiction,,,,1
Bassin d'Arcachon,De Marliave Olivuer ,Doc,Tourisme,,,,0
Les filles du feu,De Nerval Gérard,Roman,Fiction,,,,1
Sylvie,De Nerval Gérard,Roman,Classique,,,,1
Vol de nuit ,De Saint-Exupéry Antoine,Roman,Classique,,,,1
Cinq Mars,De Vigny Alfred,Roman,Classique,,,,1
L'aigle de Constantinople,Dedeyan Marina ,Roman,Histoire,,,,0
Un ciel pour bombardiers,Deighton Len ,Roman,Guerre,,,,0
Nova,Delany Samuel ,Roman,SF,,,,1
Le cornac,Denuzière Maurice ,Roman,Fiction,,,,1
Pavillon 38,Descott Régis ,Roman,Fiction,,,,1
Le boucher de Kouta,Diabaté M.M ,Roman,Fiction,,,,1
Les témoins,Dibon Henriette ,Roman,Fiction,,,,1
La vérité sur l'affaire Harry Quebert,Dicker Joel ,Roman,Polar,,,,0
1001 albums you must hear before you die,Dimery Robert ,Doc,Musique,,,,1
Au temps où la joconde parlait,Diwo Jean ,Roman,SF,,,,1
Codex 632 Les secrets de Christophe Colomb,Dos Santos J.R. ,Roman,,,,,1
Les pauvres gens,Dostoïevski,Roman,Fiction,,,,1
The dame of sark,Douglas William ,Roman,Étranger,,,,0
The secretary bird,Douglas William ,Roman,Étranger,,,,0
La chaine,Drucker Michel ,Roman,Fiction,,,,1
Le roi de fer,Druon Maurice,Roman,Fiction,,,,1
Rebecca,Du maurier Daphné,Roman,Étranger,,,,0
Rocambole,Du Terrail Ponson,Roman,Fiction,,,,1
Les nouveaux diablogues,Dubillard Roland,Théâtre,,,,,1
Le roi disait que j'étais diable,Dupont-Monod Clara ,Roman,,,,,1
L'empire des solitudes,Durin-Valois Marc ,Roman,Fiction,,,,1
Conan l'usurpateur,E. Howard Robert,Roman,SF,,Conan,,1
Conan le Cimmerien,E. Howard Robert,Roman,SF,,Conan,,1
Conan le conquerent,E. Howard Robert,Roman,SF,,Conan,,1
Conan le flibustier,E. Howard Robert,Roman,SF,,Conan,,1
Conan le vagabond,E. Howard Robert,Roman,SF,,Conan,,1
Conan le vengeur,E. Howard Robert,Roman,SF,,Conan,,1
Enchanters' end game,Eddings David ,Roman,Étranger,,,,0
Guardians of the west,Eddings David ,Roman,Étranger,,,,0
King of the murgos,Eddings David ,Roman,Étranger,,,,0
Le pion blanc des présages,Eddings David ,Roman,SF,,La belgariade ,1,1
Le ministricule,Escarpit Robert,Roman,Fiction,,,,1
Le littératron,Escarpit Robert ,Roman,Fiction,,,,1
Les Perses,Eschyle,Théâtre,,,,,1
Beatriz et les corps célestes,Etxebarria Lucia ,Roman,Fiction,,,,1
Virgin Suicides,Eugenides Jeffrey ,Roman,Fiction,,,,1
Qui ?,Expert Jacques,Roman,Fiction,,,,1
L'heure hache,Fair A.A.,Roman,Polar,,,,0
Les démons à ma porte,Fajardo José Manuel ,Roman,Fiction,,,,1
Tarzan vous salue bien,Farmer Phillip José ,Roman,Histoire,,,,0
Comme une bête,Farmer Phillip José ,Roman,SF,,,,1
la jungle nue,Farmer Phillip José ,Roman,Fantastique,,,,1
Le faiseur d'univers,Farmer Phillip José ,Roman,SF,,,,1
Le masque vide,Farmer Phillip José ,Roman,SF,,,,1
Le masque vide,Farmer Phillip José ,Roman,SF,,,,1
le monde lavalite,Farmer Phillip José ,Roman,SF,,,,1
Le privé du cosmos,Farmer Phillip José ,Roman,SF,,,,1
To your scattered bodies go,Farmer Phillip José ,Roman,Étranger,,,,0
Billard Blues,Fermine Maxence ,Roman,Fiction,,,,1
L'ami prodigieuse,Ferrante Elena ,Roman,Fiction,,,,0
La déroute des droufs,Rhodan Perry,Roman,SF,,,,1
Lumière et Matière,Feynman Richard ,Doc,Physique,,,,0
Histoire de Tom Jones,Fielding Henry,Roman,Fiction,,,2,1
Qu'est ce qui fait courir Jeanne,Fielding Joy ,Roman,Polar,,,,0
Gatsby,Fitzgerald F. Scott,Roman,Fiction,,,,1
Madame Bovary,Flaubert Gustave,Roman,Classique,,,,1
L'éducation sentimentale,Flaubert Gustave ,Roman,Classique,,,,1
Comme un vol d'aigle,Follett Ken ,Roman,Polar,,,,0
Le code Rebecca,Follett Ken ,Roman,Polar,,,,0
L'arche de Noé,Fourcade Marie-Madeleine ,Roman,Guerre,,,,0
Le journal d'Anne Franck,Franck Anne,Roman,Classique,,,,1
Le bonheur des autres,Frayn Michael,Théâtre,,,,,1
Mémoires piégée,French Nicci ,Roman,Polar,,,,0
Inhibitions symptôme et angoisse,Freud Sigmund,Essai,Psycho,,,,0
La technique psychanalytique,Freud Sigmund,Essai,Psycho,,,,0
La vie sexuelle,Freud Sigmund,Essai,Psycho,,,,0
Résultats idées problèmes,Freud Sigmund,Essai,Psycho,,,1,0
Résultats idées problèmes,Freud Sigmund,Essai,Psycho,,,2,0
Etude sur l'hystérie,Freud Sigmund et Breuer J.,Essai,Psycho,,,,0
Une histoire perdue,Friedman Carl ,Roman,Fiction,,,,1
Larmes de pierre,Fuller Alexandra ,Roman,Fiction,,,,1
Dans un miroir, obscure,Gaarder Jostein ,Roman,Fiction,,,,1
Maya,Gaarder Jostein ,Roman,SF,,,,0
Le miel de la haine,Gaillard Robert ,Roman,Fiction,,,,1
L'univers à portée de main,Galfard Christophe ,Doc,Physique,,,,0
La fleur au fusil,Galtier-Boissière Jean ,Roman,Guerre,,,,0
Cent ans de solitude,Garcia Marquez Gabriel ,Roman,Fiction,,,,1
la plage,Garland Alex ,Roman,Fiction,,,,1
La gare de rachid,Garnier Pascal ,Roman,Fiction,,,,1
Rédiger un texte académique en français,Garnier Sylvie et Savage Alan ,Doc,Langues,,,,0
La promesse de l'aube,Gary Romain ,Roman,Fiction,,,,1
La mort du roi Tsongor,Gaudé Laurent,Roman,Classique,,,,1
Ensemble, c'est tout,Gavalda Anna ,Roman,Fiction,,,,1
Je l'aimais,Gavalda Anna ,Roman,Fiction,,,,1
Madeleine,Gavin Catherine ,Roman,Fiction,,,,1
Beau-François,Genevoix Maurice ,Roman,Fiction,,,,1
Marcheloup,Genevoix Maurice ,Roman,Fiction,,,,1
Raboliot,Genevoix Maurice ,Roman,Fiction,,,,1
Une patience d'ange,George Elizabeth ,Roman,Fiction,,,,1
Magnus,Germain Sylvie ,Roman,Fiction,,,,1
Le petit livre des bons mots,Gest Hélène ,Doc,Langues,,,,0
Les caves du Vatican,Gide André,Roman,Classique,,,,1
Si le grain ne meurt,Gide André,Roman,Classique,,,,1
La tragédie du Président,Giesbert Franz-Olivier ,Roman,Histoire,,,,0
Ecrits pacifistes,Giono Jean,Roman,Classique,,,,1
La femme parfaite est une connasse,Girard Anne-Sophie ,Roman,Fiction,,,2,0
La lézarde,Glissant Edouard ,Roman,Fiction,,,,1
Le médecin d'Ispahan,Gordon Noah ,Roman,Fiction,,,,1
Zamour et autres nouvelles,Goyen William ,Roman,Fiction,,,,1
The intelligent investor,Graham Benjamin ,Roman,Étranger,,,,0
Les rivières pourpres,Grangé Jean Christophe ,Roman,Fiction,,,,1
Raising Atlantis,Greanias Thomas ,Roman,Étranger,,,,0
Orient-Express,Greebe Graham ,Roman,Fiction,,,,1
L'agent secret,Greene Graham ,Roman,Polar,,,,0
Un secret,Grimbert Philippe ,Roman,Fiction,,,,1
Le contrat,Grisham John ,Roman,,,,,1
Les poilus,Guéno Jean-Pierre ,Roman,Guerre,,,,0
Le petit livre des gros mits et autres noms d'oiseaux,Guilleron Gilles ,Doc,Langues,,,,0
Angélina,Guilloux Louis ,Roman,Fiction,,,,1
Les choses de la vie,Guimard Paul ,Roman,Fiction,,,,1
Bush contre Saddam,Guisnel Jean ,Roman,Histoire,,,,0
No home,Gyasi Yaa ,Roman,Fiction,,,,0
Mondes frontieres,Haiblum Isidore,Roman,,,,,1
racines,Haley Alex ,Roman,Fiction,,,,1
Amkoullel l'enfant Peul,Hampâté Bâ Amadou ,Roman,Fiction,,,,1
Amkoullel l'enfant Peul,Hampâté Bâ Amadou ,Roman,Fiction,,,,1
Le livre des étoiles,Hanost Paul ,Roman,SF,,,,1
Mémoires d'un poilu breton,Harel Ambroise ,Roman,Guerre,,,,0
Une brève Histoire du temps,Hawking Stephen ,Doc,Physique,,,,0
L'homme qui vendit la Lune,Heinlein Robert ,Roman,SF,,,,1
Les orphelins du ciel,Heinlein Robert ,Roman,SF,,,,1
Les vertes collines de la Terre,Heinlein Robert ,Roman,SF,,,,1
rencontre du deuxième type,Heller Jane ,Roman,Fiction,,,,1
La communauté des soeurs,Herbert Brian et Anderson Kevin,Roman,SF,2012,Dune les origines,1,1
Et l'homme créa un dieu,Herbert Frank ,Roman,SF,,,,1
L'empereur-dieu de dune,Herbert Frank ,Roman,SF,,,,1
Les animaux de justice,Higon Albert ,Roman,SF,,,,1
Histoires abominables,Hitchcock Alfred ,Roman,Polar,,,,0
Le poison de la vengeance,Hobb Robin,Roman,SF,,,,1
La chute du zeppelin à la nuit tombée,Hrbek Greg ,Roman,Fiction,,,,1
Les châtiments,Hugo Victor,Roman,Classique,,,,0
Les contemplations,Hugo Victor,Roman,Classique,,,,1
Le dernier jour d'un condamné,Hugo Victor,Roman,Classique,,,,1
Dissertation sur les passions,Hume,Roman,,,,,1
Coups sur coups,Hurley Graham ,Roman,Polar,,,,0
Larousse des vins,Inconu,Doc,,,,,0
Monet,Inconu,Doc,Peinture,,,,0
Turner,Inconu,Doc,Peinture,,,,0
Un grand week end à St Petersbourg,Inconu,Doc,Tourisme,,,,0
Van Gogh,Inconu,Doc,Peinture,,,,0
Omaha,Inconu,Doc,Histoire,,,,0
Mystère au lac du lion,Innes Hammond,Roman,,,,,1
Images de France,Internationaux,Doc,Géographie,,,,0
La France en souvenirs,Internationaux,Doc,Géographie,,,,0
Une veuve de papier,Irving John ,Roman,Polar,,,,0
Auprès de moi toujours,Ishiguro Kazuo ,Roman,Fiction,,,,1
La citadelle du chaos,Jackson Steve ,Roman,SF,,,,1
La vie quotidienne dans la place de vérité,Jacq Christian ,Album,Histoire,,,,0
La pierre de lumière,Jacq Christian ,Roman,Fantastique,,,,0
Sphinx,Jacq Christian ,Roman,Polar,,,,0
Brève Histoire de 7 meurtres,James Marlon ,Roman,Polar,,,,0
L'ile des gauchers,Jardin Alexandre ,Roman,Fiction,,,,1
Les papiers d'Aspern,Jaymes Henry ,Roman,Étranger,,,,0
La passion d'enseigner,Jean Georges ,Doc,,,,,0
Le temps incertain,Jeury Michel ,Roman,SF,,,,1
Paulina 1880,Jouve Pierre Jean ,Roman,Fiction,,,,1
Le français correct,Julaud Jean Joseph ,Doc,Langues,,,,0
Le château,Kafka Franz,Roman,Classique,,,,1
Le procès,Kafka Franz,Roman,Classique,,,,0
Blues à Cap Cod,Kamprecos Paul ,Roman,Polar,,,,0
Le songe de Kronos,Karrel Peter ,Roman,SF,,,,1
La petite angleterre,Karystiani Ioanna ,Roman,Fiction,,,,1
L'analyste,Katzenbach John ,Roman,Polar,,,,0
Seul dans la spendeur,Keats John,Roman,Classique,,,,1
Sur la route,Kerouac Jack,Roman,Classique,,,,1
Initiation à la littérature anglaise,Kerst Henri et Laffay ALbert ,Doc,Littérature,,,,0
Il était une fois un vieux couple heureux,Khair-Eddine Mohammed ,Roman,Fiction,,,,1
Ca,King Stephen,Roman,Polar,,,1,0
Ca,King Stephen,Roman,Polar,,,2,0
Ca,King Stephen,Roman,Polar,,,3,0
La ligne verte,King Stephen,Roman,Polar,,,,0
Les yeux du dragon,King Stephen,Roman,Polar,,,,0
Les seigneurs de la Guerre,Klein Gérard ,Roman,SF,,,,1
Histoires de robots,Klein Gérard ,Roman,SF,1974,La Grande Anthologie de la science-Fiction,2,0
Les tueurs du temps,Klein Gérard ,Roman,SF,,,,1
Miroirs de sang,Koontz Dean ,Roman,SF,,,,1
E.T. L'extraterrestre,Kotzwinkle William ,Roman,SF,,,,1
Un stagiaire presque parfait,Kuhn Shane ,Roman,Fiction,,,,1
L'insoutenanle légèreté de l'être,Kundera,Roman,Philosophie,,,,0
Fables,La Fontaine Jean,Fables,,,,,1
Inconnu à cette adresse,Kressman Taylor Katherine,Roman,,,,,1
Un chapeau de paille d'Italie,Labiche Eugène,Roman,Classique,,,,1
Premières neiges,Lambert Derek ,Roman,Fiction,,,,1
Tout l'honneur des hommes,Lapierre Alexandra ,Roman,Histoire,,,,0
La mission des frontières,Lapouge Gilles ,Roman,Fiction,,,,1
Galactica la bataille de l'espace,Larson Gustave A.,Roman,SF,,,,1
Millénium 1,Larsson Stieg ,Roman,Polar,,,,0
Millénium 2,Larsson Stieg ,Roman,Polar,,,,0
Le chercheur d'or,Le Clézio J.M.G.,Roman,Classique,,,,1
Onitsha,Le Clézio J.M.G.,Roman,Classique,,,,1
La démocratie post-totalitaire,Le Goff Jean Pierre ,Doc,Sociologie,,,,0
L'autre côté du rêve,Le Guin Ursula ,Roman,SF,,,,1
L'ultime rivage,Le Guin Ursula ,Roman,SF,,,,1
Le nom du monde est foret,Le Guin Ursula ,Roman,SF,,,,1
Un pilote a disparu,Le May Jean-Louis et Doris,Roman,SF,,,,1
Les soldats de la honte,Le Naour Jean-Yves,Roman,Guerre,,,,0
Jacquou le croquant,Le Roy Eugène,Roman,Classique,,,,1
La demeure mystérieuse,Leblanc Maurice ,Roman,Classique,,Arsène Lupin,,1
Nord Pas de Calais,Leclercq Olivier ,Doc,Géographie,,,,0
Lille métropole,Leclerq Olivier & Etienne Alain ,Doc,Géographie,,,,0
To kill a mockingbird,Lee Harper ,Roman,Étranger,,,,1
Complétement cramé,Legardinier Gilles ,Roman,Fiction,,,,1
Demain les loups,Leiber Fritz ,Roman,SF,,,,1
Epées et démons,Leiber Fritz ,Roman,SF,,,,1
Au revoir là-haut,Lemaitre Pierre ,Roman,,,,,1
Vladimir Roubaïev,Lentz Serge,Roman,,,,,1
Le precepteur,Lenz J.M.R ,Roman,Étranger,,,,0
Péchés mortels,Leon Donna,Roman,Fantastique,,,,1
L'homme qui tua l'hiver,Léourier Christian ,Roman,SF,,,,1
Gil Blas de Santillane,Lesage Alain-René,Roman,Classique,,,2,1
Si c'est un homme,Levi Primo ,Roman,Classique,,,,1
un bébé pour Rosemary,Levin Ira ,Roman,Fiction,,,,1
Et si c'était vrai,Levy Marc ,Roman,Fiction,,,,1
Alice au pays des merveilles / De l'autre coté du miroir,Lewis Caroll ,Roman,Classique,,,,1
Voyage au bout de la nuit,Louis-Ferdinand Céline ,Roman,Classique,,,,0
Crimes de sang à Marat-sur-Oise,Lovinger-Richard Colette ,Roman,Polar,,,,0
La guerre des étoiles,Lucas George ,Roman,SF,,Star Wars,1,1
L'empire contre-attaque,Lucas George ,Roman,SF,,Star Wars,2,1
Le retour du Jedi,Lucas George ,Roman,SF,,Star Wars,3,1
Les identités meutrières,Maalouf Amin ,Essai,,,,,1
Petit piment,Mabanckou Alain ,Roman,Fiction,,,,1
Le disparu,Maclean Katherine ,Roman,Polar,,,,0
Pélagie-la-charrette,Maillet Antonine ,Roman,Fiction,,,,1
Invasion cosmique,Maine David ,Roman,SF,,,,1
La condition humaine,Malraux,Roman,Classique,,,,1
Daisy sisters,Mankell Henning ,Roman,Polar,,,,1
Yeruldelgger,Manook Ian,Roman,Polar,,,,1
24 ans de communisme à la Prussienne,Marin Nicolas ,Roman,Histoire,,,,0
La double inconstance,Marivaux,Théâtre,,,,,1
On est foutus on pense trop,Marquis Serge,Doc,Psycho,,,,0
Underwood USA,Martens Michel ,Roman,Polar,,,,0
Intrigues à Port-Réal,Martin George R.R. ,Roman,SF,,Le trône de fer,6,1
Chanson pour Lya,Martin George R.R. ,Roman,SF,,,,1
Des astres et des ombres,Martin George R.R. ,Roman,SF,,,,1
Le trône de fer l'intégrale 2,Martin George R.R. ,Roman,SF,,Le trône de fer,2,1
Titan,Varley John,Roman,SF,,,,1
Sorcière,Varley John,Roman,SF,,,,1
Plumards, de cheval,Marx Groucho ,Roman,Fiction,,,,1
La sombra del templario,Masot Nuria ,Roman,Étranger,,,,0
Le sud tunisien,Massé-Muzi Nicole ,Doc,Géographie,,,,0
La Vénus anatomique,Maumejean Xavier ,Roman,SF,,,,1
Contes de la bécasse,Maupassant,Roman,Classique,,,,1
La maison Tellier,Maupassant,Roman,Classique,,,,1
Les contes de la bécasse,Maupassant,Roman,Classique,,,,1
Une partie de campagne,Maupassant,Roman,Classique,,,,1
Le sagouin,Mauriac François,Roman,Classique,,,,1
Transatlantic,McCann Colum ,Roman,Fiction,,,,1
Le gadget de l'Apocalyspe,Varende Yves,Roman,Fiction,,,,1
Sicile (Michelin),Michelin,Doc,Tourisme,,,,0
The crucible,Miller Arthur ,Roman,Étranger,,,,0
L'amant,Mireille Sorgue,Roman,Fiction,,,,1
Autant en emporte le vent,Mitchell Margaret ,Roman,Classique,,,3,1
Autant en emporte le vent,Mitchell Margaret ,Roman,Classique,,,2,1
Autant en emporte le vent,Mitchell Margaret ,Roman,Classique,,,1,1
Gone with the Wind,Mitchell Margaret ,Roman,Étranger,,,,1
Tir aux pigeons,Mitford Nancy ,Roman,Fiction,,,,1
L'avare,Molière,Théâtre,,,,,1
Le bourgeois gentilhomme,Molière,Théâtre,,,,,1
Le mariage forcé & L'étourdi,Molière,Théâtre,,,,,1
Les femmes savantes,Molière,Théâtre,,,,,1
Essais,Montaigne,Essai,Philosophie,,,1,0
Anne ... La maison aux pignons verts,Montgomery Lucy Maud ,Roman,Fiction,,,,1
Anne d'Avonlea,Montgomery Lucy Maud ,Roman,Fiction,,,,1
Elric des dragons le cycle d'elric,Moorcock Michael ,Roman,SF,,,,1
L'épée Noire le cycle d'elric,Moorcock Michael ,Roman,SF,,,,1
Agostino,Moravia Alberto,Roman,Fiction,,,,1
Carbone modifié,Morgan Richard ,Roman,SF,,,,0
La mer sans étoiles,Morgenstern Erin,Roman,,,,,1
1Q84,Murakami Haruki ,Roman,Polar,,,,0
Cold & Electric,Murphy Elliott ,Roman,Fiction,,,,1
Lolita,Nabokov Vladimir,Roman,Classique,,,,1
Americanah,Ngozi Adichie Chimamanda ,Roman,Fiction,,,,1
Ce qui compte vraiment,Nicolino Fabrice ,Roman,,,,,1
La crève,Nourissier François ,Roman,Fiction,,,,1
L'Histoire du monde en neuf guitares,Orsenna Erik,Roman,Classique,,,,1
Animal farm,Orwell George ,Roman,Étranger,,,,0
Témoignage irrecevable,Osborne John,Théâtre,,,,,1
L'asticot,Ouachee Bruno ,Roman,Fiction,,,,1
Là où chantent les écrevisses,Owens Delia ,Roman,,,,,1
Petits suicides entre amis,Paasilinna Arto ,Roman,Fiction,,,,1
Un detective à la havane,Padura Leonardo ,Roman,Polar,,,,0
Jean de Florette,Pagnol Marcel,Roman,Classique,,,,1
Manon des sources,Pagnol Marcel,Roman,Classique,,,,1
L'éveil,Papin Line ,Roman,Classique,,,,1
Autobiographie d'une courgette,Paris Gilles ,Roman,Fiction,,,,1
L'été de la peur,Parker T. Jefferson ,Roman,Polar,,,,0
Et tombent les filles,Patterson James ,Roman,Polar,,,,0
Le phare d'un monde flottant,Payne David ,Roman,Fiction,,,,1
Tranchecaille,Pécherot Patrick ,Roman,Guerre,,,,0
Le Ku Klux Klan,Peirce Randel William ,Doc,Histoire,,,,0
Le barillet,Pelaez Jean-Pierre,Théâtre,,,,,1
Le ciel bleu d'irockee,Pelot Pierre ,Roman,SF,,,,1
Le chien courait sur l'autoroute en criant son nom,Pelot Pierre ,Roman,SF,,,,1
Transite,Pelot Pierre ,Roman,SF,,,,1
Le Sourire des Crabes,Pelot Pierre ,Roman,SF,,,,1
Le Sourire des Crabes,Pelot Pierre ,Roman,SF,,,,1
Au bonheur des ogres,Pennac Daniel,Roman,Classique,,,,1
Aux fruits de la passion,Pennac Daniel,Roman,Classique,,,,1
Merci,Pennac Daniel ,Roman,Fiction,,,,1
Renaissance navale,Perchoc Michel ,doc,Technologie,,,,0
Carnet de Guerre,Pergaud Louis ,Roman,Guerre,,,,0
Les sanglots longs,Pérrault Gilles ,Roman,Fiction,,,,1
Les grandes pointures de l'Histoire,Perret Pierre ,Roman,Histoire,,,,0
Conan l'indomptable,Perry Steve,Roman,SF,,Conan,,1
Un crocodile sur un banc de sable,Peters Elizabeth,Roman,,,,,1
La rue,Petry Anne ,Roman,Guerre,,,,0
Le livre des exercices à l'usage des acteurs,Pezin Patrick,Théâtre,,,,,1
Les rendez-vous de la colline,Philipe Anne ,Roman,Fiction,,,,1
Vocabulaire anglais courant,Piat Jean-Bernard ,DOc,Langues,,,,0
Le champ de personne,Picouly Daniel ,Roman,Fiction,,,,1
l'amour en vogue,Pivot Bernard,Roman,Classique,,,,1
La cloche de détresse,Plath Sylvia ,Roman,Fiction,,,,1
Le marquis de saint Leger,Ponthier Francois ,Roman,Fiction,,,,1
Frankie va à hollywood,Potter Alexandra ,Roman,Fiction,,,,1
La dame de pique,Pouchkine Alexandre,Roman,Classique,,,,1
Récits,Pouchkine Alexandre,Roman,Classique,,,,1
Les chevaliers de la brune,Powers Tim,Roman,SF,,,,1
Knights of madness,Pratchett Terry,Roman,Étranger,,,,0
La huitième couleur,Pratchett Terry,Roman,SF,,,,1
Monstrous Regiment,Pratchett Terry,Roman,Étranger,,,,0
La chambre des curiosités,Preston Douglas ,Roman,Polar,,,,0
Paroles,Prévert Jacques ,Roman,Classique,,,,1
La fontaine petrifiante,Priest Christopher ,Roman,SF,,,,1
Le pré aux narcisses,Prou Suzanne ,Roman,Fiction,,,,1
Du côté de chez Swann,Proust Marcel,Roman,,,,,1
Le chiendent,Queneau Raymond,Roman,Classique,,,,1
Zazie dans le métro,Queneau Raymond,Roman,Classique,,,,1
Esther,Racine Jean,Théâtre,,,,,1
Les Plaideurs,Racine Jean,Théâtre,,,,,1
Andromaque,Racine Jean ,Théâtre,,,,,1
Tels des loups affamés,Rankin Ian,Roman,,,,,1
La montagne volante,Ransmayr Christophe ,Roman,SF,,,,0
Conjuration Casanova,Ravenne Giacometti ,Roman,Thriller,,,,1
le livre des fantômes,Ray Jean ,Roman,Fantastique,,,,1
Histoire d'O,Réage Pauline,Roman,Classique,,,,1
L'ennemi,Remarque Erich Maria ,Roman,Guerre,,,,0
Le pont sur la ligne,Remy Jean-Pierre,Roman,Guerre,,,,0
Le Roman de Renard,Renart,Roman,Classique,,,,1
Les rois du petrole,Renberg Tore ,Roman,Fiction,,,,0
Le maître de la lande,Rendell Ruth ,Roman,Polar,,,,0
13 à table!,Resto du coeur,Roman,Fiction,,,,1
L'homme-dé,Rhinehart Luke ,Roman,Polar,,,,0
L'art de la méditation,Ricard Matthieu ,Doc,Psycho,,,,0
Interview with the vampire,Rice Anne ,Roman,Étranger,,,,0
Quand resurgit le passé,Richards Elizabeth ,Roman,Fiction,,,,1
Le dieu Jaune,Rider Haggard Henri,Roman,SF,,,,1
Pêcheur de trésors,Riesberg Harry,Roman,,,,,1
Present danger,Rimington Stella ,Roman,Étranger,,,,1
Discours sur l'universalité de la langue française,Rivarol,Essai,Philosophie,,,,0
Stiletto,Robbins Harold ,Roman,Polar,,,,0
Roland est mort,Robin Nicolas ,Roman,,,,,1
Les petits enfants du siècle,Rochefort Christiane ,Roman,Fiction,,,,1
Le rescapé du gorisankar,Piret Daniel,Roman,,,,,1
Quand le navire...,Romains Jules ,Roman,Fiction,,,,1
Piaf l'inoubliable,Routier Marcelle ,Doc,Musique,,,,0
Guêpe,Russel Eric Frank,Roman,SF,,,,1
Educating rita,Russel Willy ,Roman,Étranger,,,,0
Un rôle qui me convient,Russo Richard ,Roman,Fiction,,,,1
Impératrice,Sa Shan ,Roman,Fiction,,,,1
Scaramouche,Sabatini Rafael,Roman,Classique,,,,1
Le jardin de la licorne,Sadoul Jacques ,Roman,SF,,,,1
Bonjour tristesse,Sagan Françoise ,Roman,Fiction,,,,1
Port-Royal,Sainte-Beuve Charles-Agustin,Roman,Classique,,,1,1
L'attrape-coeurs,Salinger J. D.,Roman,Classique,,,,0
Heureux qui communique,Salomé Jacques ,Doc,Psycho,,,,0
Huis clos les mouches,Sartre Jean-Paul,Théâtre,,,,,1
La nausée,Sartre Jean-Paul ,Roman,,,,,1
Le boa aux fraisses suivi de La brouette russe,Sauvil Pierre ,Théâtre,,,,,1
Le prince inconstant,Scalfari Eugenio ,Roman,Histoire,,,,0
Le disque rayé,Steiner Kurt,Roman,SF,,,,1
Le livre d'or de la science Fiction,Sheckley Robert ,Roman,SF,,,,1
Une femme au pays des hommes politiques,Schmid Lucille ,Roman,Histoire,,,,0
La part de l'autre,Schmitt Eric-Emmanuel ,Roman,,,,,1
Les Fleurs sauvages de bougainvilliers,Scholes Katherine ,Roman,,,,,1
Melanie Klein : Developpement d'une pensée,Segal Hanna ,Essai,Philosophie,,,,0
La malvenue,Seignolle Claude ,Roman,SF,,,,1
Le neveu d'Amérique,Sepulveda Luis ,Roman,Fiction,,,,1
Le vieux qui lisait des Romans d'amour,Sepulveda Luis ,Roman,Fiction,,,,1
Hamlet / Othello / Macbeth,Shakespeare,Théâtre,,,,,1
Macbeth,Shakespeare,Théâtre,,1997,,,0
Richard III / Roméo et Juliette / Hamlet,Shakespeare,Théâtre,,,,,1
Frankenstein,Shelley Mary ,Roman,SF,,,,1
Le robot qui me ressemblait,Sheckley Robert,Roman,SF,,,,1
asburdistan,Shteyngart Gary ,Roman,,,,,1
Le dernier rivage,Shute Nevil ,Roman,SF,,,,1
Balzac et la petite tailleuse chinoise,Sijie Dai,Roman,Classique,,,,1
Le fils de l'homme,Silverberg Robert ,Roman,SF,,,,1
Les chants de l'été,Silverberg Robert ,Roman,SF,,,,1
Demain les chiens,Simak Clifford D. ,Roman,Fiction,,,,1
Une certaine odeur,Simak Clifford D. ,Roman,SF,,,,1
au rendez vous des terre-neuvas,Simenon Georges,Roman,Polar,,,,0
Chez les flamands,Simenon Georges,Roman,Polar,,,,0
L'affaire saint fiacre,Simenon Georges,Roman,Polar,,,,0
L'âne rouge,Simenon Georges,Roman,Polar,,,,0
L'homme de Londres,Simenon Georges,Roman,Polar,,,,0
L'ombre chinoise,Simenon Georges,Roman,Polar,,,,0
La danseuse du gai moulin,Simenon Georges,Roman,Polar,,,,0
La ginguette à deux sous,Simenon Georges,Roman,Polar,,,,0
la maison du canal,Simenon Georges,Roman,Polar,,,,0
La tête d'un homme,Simenon Georges,Roman,Polar,,,,0
Le chartier de la providence,Simenon Georges,Roman,Polar,,,,0
Le chien jaune,Simenon Georges,Roman,Polar,,,,0
Le fou de Bergerac,Simenon Georges,Roman,Polar,,,,0
Le haut mal,Simenon Georges,Roman,Polar,,,,0
Le locataire,Simenon Georges,Roman,Polar,,,,0
Le passager du Polarlys,Simenon Georges,Roman,Polar,,,,0
Le relai d'Alsace,Simenon Georges,Roman,Polar,,,,0
Les 13 coupables,Simenon Georges,Roman,Polar,,,,0
Les fiancailles de M.Hire,Simenon Georges,Roman,Polar,,,,0
Les gens d'en face,Simenon Georges,Roman,Polar,,,,0
Les nuits du carrefour,Simenon Georges,Roman,Polar,,,,0
liberty bar,Simenon Georges,Roman,Polar,,,,0
Maigret,Simenon Georges,Roman,Polar,,,,0
Maigret à New York,Simenon Georges,Roman,Polar,,,,0
Maigret et la vieille dame,Simenon Georges,Roman,Polar,,,,0
Marie qui louche,Simenon Georges,Roman,Polar,,,,0
Mr Gallet est décédé,Simenon Georges,Roman,Polar,,,,0
pietr le letton,Simenon Georges,Roman,Polar,,,,0
Un crime en Hollande,Simenon Georges,Roman,Polar,,,,0
L'amour est au bout du voyage,Slaughter Frank G. ,Roman,Fiction,,,,1
Le sang du dragon,Slaughter Frank G. ,Roman,Fiction,,,,1
Ombres sur le Kremlin,Slavinski Michel ,Roman,Guerre,,,,0
La quête des trois mondes,Smith Cordwainer ,Roman,SF,,Les seigneurs de l'intrumentalité,6,1
Le sous-peuple,Smith Cordwainer ,Roman,SF,,Les seigneurs de l'intrumentalité,5,1
Le rêveur aux étoiles,Smith Cordwainer ,Roman,SF,,Les seigneurs de l'intrumentalité,2,1
Tu seras un autre,Smith Cordwainer ,Roman,SF,,Les seigneurs de l'intrumentalité,1,1
L'étoile du chien qui attend son repas,Sok-yong Hwang ,Roman,Fiction,,,,1
La maison de matriona,Soljenitsyne Alexandre,Roman,Fiction,,,,1
Le vaisseau de pierre,Solomon Andrew ,Roman,Fiction,,,,1
The razor's edge,Somerset Maugham William,Roman,Étranger,,,,0
Au coeur de l'orage,Spinrad Norman ,Roman,SF,,,,1
Les miroirs de l'esprit,Spinrad Norman ,Roman,SF,,,,1
Provence,St George Amelia ,Doc,Géographie,,,,0
L'ange de la douleur,Stableford Brian ,Roman,SF,,,,1
Miracle,Steel Danielle ,Roman,Fiction,,,,1
Brouillages,Stefansson Jon Hallur,Roman,Polar,,,,0
Des souris et des hommes,Steinbeck John,Roman,Classique,,,,1
Les raisins de la colère,Steinbeck John,Roman,Classique,,,,1
La chartreuse de Parme,Stendhal,Roman,Classique,,,,1
Le rouge et le noir,Stendhal,Roman,Classique,,,,1
L'île au trésor,Stevenson R.L. ,Roman,,,,,1
Dracula,Stoker Bram ,Roman,SF,,,,1
La vague,Strasser Tod,Roman,,,,,1
La Troïka,Strougatsky Arcadie et Boris ,Roman,SF,,,,1
Les délices de Tokyo,Sukegawa Durian ,Roman,Fiction,,,,1
Le parfum,Süskind Patrick,Roman,Classique,,,,1
Les voyages de Gulliver,Swift Jonathan,Roman,Classique,,,,1
La belle endormie,Tepper Sheri S. ,Roman,SF,,,,1
La mémoire fantôme,Thilliez Frank ,Roman,Polar,,,,0
Modern short stories,Thornley G.C. ,Roman,Étranger,,,,0
Les aventures de Tom Bonbadil,Tolkien J.R.R.,Roman,SF,,,,1
Le retour du roi,Tolkien J.R.R. ,Roman,Fantastique,,,3,1
Le retour du roi,Tolkien J.R.R. ,Roman,Fantastique,,,3,1
Les deux tours,Tolkien J.R.R. ,Roman,Fantastique,,,2,1
la communauté de l'anneau,Tolkien J.R.R. ,Roman,Fantasy,,le seigneur des anneaux,1,0
Le retour du roi,Tolkien J.R.R. ,Roman,Fantasy,,Le seigneur des anneaux,3,0
Le seigneur des anneaux : l'intégrale,Tolkien J.R.R. ,Roman,Fantasy,,le seigneur des anneaux,,1
Les deux tours,Tolkien J.R.R. ,Roman,Fantasy,,Le seigneur des anneaux,2,0
Anna Karenine,Tolstoï,Roman,Classique,,,,1
La conjuration des imbéciles,Toole John Kennedy ,Roman,Fiction,,,,1
Nihal de la Terre du Vent,Troisi Licia ,Roman,Fantasy,,Chroniques du monde émergé,1,1
Le livre de Joe,Tropper Jonathan ,Roman,Fiction,,,,1
L'Araigne,Troyat Henri,Roman,Classique,,,,1
La neige en deuil,Troyat Henri,Roman,Classique,,,,1
Les dames de Sibérie,Troyat Henri,Roman,Classique,,,,1
Viou,Troyat Henri,Roman,Classique,,,,1
La ferme,Updike John ,Roman,Fiction,,,,1
Silence,Vacher Jeanne Martine ,Roman,Polar,,,,0
Le Canal O Phite,Varley John,Roman,SF,,,,1
Ouest,Vallejo François ,Roman,Fiction,,,,1
Le fou des échecs,Van Dine S.,Roman,Fiction,,,,1
Les cinq rubans d'or,Vance Jack ,Roman,SF,,,,1
Marune: Alastor 933,Vance Jack ,Roman,SF,,,,1
Quand sort la recluse,Vargas Fred ,Roman,Polar,,,,0
Les arbres de Jardin,Vavassori Andrea,Doc,Jardinage,,,,0
La machine de Balmer,Veillot Claude ,Roman,SF,,,,1
Zoo ou l'assassin philanthrope,Vercors Jean,Théâtre,,,,,1
La discothèque parfaite de l'odyssée du rock,Verland Gilles  et Caussé Thomas ,Doc,Musique,,,,0
Il est de retour,Vermes Timur ,Roman,Fiction,,,,1
L'île mystèrieuse,Verne Jules ,Roman,Classique,,,,1
Vingt mille lieues sous les mers,Verne Jules ,Roman,Classique,,,,1
Voyage au centre de la Terre,Verne Jules ,Roman,Classique,,,,1
L'écume des jours,Vian Boris,Roman,Classique,,,,1
Les bâtisseurs d'empire,Vian Boris,Roman,Classique,,,,1
Savez-vous langer Léon ?,Visdei Anca,Théâtre,,,,,1
La mythologie grecque,Vivier Frédérique ,Doc,Histoire,,,,0
Livret d'exercices Integration et espaces de Lebesgue,Vo Khac Khoan ,Doc,Maths,,,,0
Livret d'exercies Théorie de la mesure,Vo Khac Khoan ,Doc,Maths,,,,0
Candide,Voltaire,Roman,Classique,,,,1
La vénus à la fourrure,Von Sacher-Masoch Leopold,Roman,Fiction,,,,1
Jeu blanc,Wagamese Richard ,Roman,Fiction,,,,1
Livret d'exercices Integration,Wagschal Claude ,Doc,Maths,,,,0
Le désir d'amour,Wellershop Dieter ,Roman,Fiction,,,,1
L'empire des anges,Werber Bernard ,Roman,Fiction,,,,1
nous les dieux,Werber Bernard ,Roman,Fantastique,,,,1
L'importance d'être constant,Wilde Oscar,Théâtre,,,L'avant-scène,981,1
Le grand livre,Willis Connie,Roman,SF,1993,,,1
La mémoire de l'ombre,Wilhem Kate ,Roman,Fiction,,,,1
Jestak,Williams Paul O.,Roman,SF,,,,1
La galerie des glaces,Wilson John Rowan ,Roman,Fiction,,,,1
La cinquieme tête de cerbère,Wolfe Gene ,Roman,SF,,,,1
Avis de grand frais,Wolff Isabel ,Roman,Fiction,,,,1
Mrs Dalloway,Woolfe Virginia,Roman,Classique,,,,1
Une odeur de gingembre,Wynd Oswald ,Roman,Fiction,,,,1
Le temps cassé,Wyndham John ,Roman,SF,,,,1
Cité de la poussière rouge,Xiaolong Qiu ,Roman,Fiction,,,,1
Je t'ai rêvé,Zappia Francesca ,Roman,Fiction,,,,1
La fiancée de l'an passé,Zateli Zyranna,Roman,Fiction,,,,1
L'enfant tombé de nulle part,Zelazny Roger ,Roman,SF,,,,1
L'homme qui n'existait pas,Zelazny Roger ,Roman,SF,,,,1
Un pont de cendres,Zelazny Roger ,Roman,SF,,,,1
Les dames du lac,Zimmer Bradley Marion,Roman,Classique,,,,1
Chicago en quelques jours,Zimmerman Karla ,Doc,Tourisme,,,,0
On writing well,Zinsser William ,Roman,Étranger,,,,0
L'amour d'Erika Ewald,Zweig Stefan,Roman,Étranger,,,,0
Le monde d'hier,Zweig Stefan,Roman,Classique,,,,1
La confusion des sentiments,Zweig Stefan,Roman,Classique,,,,1
,,,,,,,0
,,,,,,,0
,,,,,,,0
,,,,,,,0
,,,,,,,0
,,,,,,,0
,,,,,,,0
,,,,,,,0
,,,,,,,0
,,,,,,,0
,,,,,,,0
,,,,,,,0
,,,,,,,0
,,,,,,,0
,,,,,,,0
,,,,,,,0
,,,,,,,0
,,,,,,,0
,,,,,,,0
,,,,,,,0
,,,,,,,0
,,,,,,,0
,,,,,,,0
,,,,,,,0
,,,,,,,0
,,,,,,,0
,,,,,,,0
,,,,,,,0
,,,,,,,0
,,,,,,,0
,,,,,,,0
,,,,,,,0
,,,,,,,0
,,,,,,,0
,,,,,,,0
,,,,,,,0
,,,,,,,0
,,,,,,,0
,,,,,,,0
,,,,,,,0
,,,,,,,0
,,,,,,,0
,,,,,,,0
,,,,,,,0
,,,,,,,0
,,,,,,,0
,,,,,,,0
,,,,,,,0
,,,,,,,0
,,,,,,,0
,,,,,,,0
,,,,,,,0
,,,,,,,0
,,,,,,,0
,,,,,,,0
,,,,,,,0
,,,,,,,0
,,,,,,,0
,,,,,,,0
,,,,,,,0
,,,,,,,0
,,,,,,,0
,,,,,,,0
,,,,,,,0
,,,,,,,0
,,,,,,,0
,,,,,,,0
,,,,,,,0
,,,,,,,0
,,,,,,,0
,,,,,,,0
,,,,,,,0
,,,,,,,0
,,,,,,,0
,,,,,,,0
,,,,,,,0
,,,,,,,0
,,,,,,,0
,,,,,,,0
,,,,,,,0
,,,,,,,0
,,,,,,,0
,,,,,,,0
,,,,,,,0
,,,,,,,0
,,,,,,,0
,,,,,,,0
,,,,,,,0
,,,,,,,0
,,,,,,,0
,,,,,,,0
,,,,,,,0
,,,,,,,0
,,,,,,,0
,,,,,,,0
,,,,,,,0
,,,,,,,0
,,,,,,,0
,,,,,,,0
,,,,,,,0
,,,,,,,0
,,,,,,,0
,,,,,,,0
,,,,,,,0
,,,,,,,0
,,,,,,,0
,,,,,,,0
,,,,,,,0
,,,,,,,0
,,,,,,,0
,,,,,,,0
,,,,,,,0
,,,,,,,0
,,,,,,,0
,,,,,,,0
,,,,,,,0
,,,,,,,0
,,,,,,,0
,,,,,,,0
,,,,,,,0
,,,,,,,0
,,,,,,,0
,,,,,,,0
,,,,,,,0
,,,,,,,0
,,,,,,,0
,,,,,,,0
,,,,,,,0
,,,,,,,0
,,,,,,,0
,,,,,,,0
,,,,,,,0
,,,,,,,0
,,,,,,,0
,,,,,,,0
,,,,,,,0
,,,,,,,0
,,,,,,,0
,,,,,,,0
,,,,,,,0
,,,,,,,0
,,,,,,,0
,,,,,,,0
,,,,,,,0
,,,,,,,0
,,,,,,,0
,,,,,,,0
,,,,,,,0
,,,,,,,0
,,,,,,,0
,,,,,,,0
,,,,,,,0
,,,,,,,0
,,,,,,,0
,,,,,,,0
,,,,,,,0
,,,,,,,0
,,,,,,,0
,,,,,,,0
,,,,,,,0
,,,,,,,0
,,,,,,,0
,,,,,,,0
,,,,,,,0
,,,,,,,0
,,,,,,,0
,,,,,,,0
,,,,,,,0
,,,,,,,0
,,,,,,,0
,,,,,,,0
,,,,,,,0
,,,,,,,0
,,,,,,,0
,,,,,,,0
,,,,,,,0
,,,,,,,0
,,,,,,,0
,,,,,,,0
,,,,,,,0
,,,,,,,0
,,,,,,,0
,,,,,,,0
,,,,,,,0
,,,,,,,0
,,,,,,,0
,,,,,,,0
,,,,,,,0
,,,,,,,0
,,,,,,,0
,,,,,,,0
,,,,,,,0
,,,,,,,0
,,,,,,,0
,,,,,,,0
,,,,,,,0
,,,,,,,0
,,,,,,,0
,,,,,,,0
,,,,,,,0
,,,,,,,0
,,,,,,,0
,,,,,,,0
,,,,,,,0
,,,,,,,0
,,,,,,,0
,,,,,,,0
,,,,,,,0
,,,,,,,0
,,,,,,,0
,,,,,,,0
,,,,,,,0
,,,,,,,0
,,,,,,,0
,,,,,,,0
,,,,,,,0
,,,,,,,0
,,,,,,,0
,,,,,,,0
,,,,,,,0
,,,,,,,0
,,,,,,,0
,,,,,,,0
,,,,,,,0
,,,,,,,0
,,,,,,,0
,,,,,,,0
,,,,,,,0
,,,,,,,0
,,,,,,,0
,,,,,,,0
,,,,,,,0
,,,,,,,0
,,,,,,,0
,,,,,,,0
,,,,,,,0
,,,,,,,0
,,,,,,,0
,,,,,,,0
,,,,,,,0
,,,,,,,0
,,,,,,,0
,,,,,,,0
,,,,,,,0
,,,,,,,0
,,,,,,,0
,,,,,,,0
,,,,,,,0
,,,,,,,0
,,,,,,,0
,,,,,,,0
,,,,,,,0
,,,,,,,0
,,,,,,,0
,,,,,,,0
,,,,,,,0
,,,,,,,0
,,,,,,,0
,,,,,,,0
,,,,,,,0
,,,,,,,0
,,,,,,,0
,,,,,,,0
,,,,,,,0
,,,,,,,0
,,,,,,,0
,,,,,,,0
,,,,,,,0
,,,,,,,0
,,,,,,,0
,,,,,,,0
,,,,,,,0
,,,,,,,0
,,,,,,,0
,,,,,,,0
,,,,,,,0
,,,,,,,0
,,,,,,,0
,,,,,,,0
,,,,,,,0
,,,,,,,0
,,,,,,,0
,,,,,,,0
,,,,,,,0
,,,,,,,0
,,,,,,,0
,,,,,,,0
,,,,,,,0
,,,,,,,0
,,,,,,,0
,,,,,,,0
,,,,,,,0
,,,,,,,0
,,,,,,,0
,,,,,,,0
,,,,,,,0
,,,,,,,0
,,,,,,,0
,,,,,,,0
,,,,,,,0
,,,,,,,0
,,,,,,,0
,,,,,,,0
,,,,,,,0
,,,,,,,0
,,,,,,,0
,,,,,,,0
,,,,,,,0
,,,,,,,0
,,,,,,,0
,,,,,,,0
,,,,,,,0
,,,,,,,0
,,,,,,,0
,,,,,,,0
,,,,,,,0
,,,,,,,0
,,,,,,,0
,,,,,,,0
,,,,,,,0
,,,,,,,0
,,,,,,,0
,,,,,,,0
,,,,,,,0
,,,,,,,0
,,,,,,,0
,,,,,,,0
,,,,,,,0
,,,,,,,0
,,,,,,,0
,,,,,,,0
,,,,,,,0
,,,,,,,0
,,,,,,,0
,,,,,,,0
,,,,,,,0
,,,,,,,0
,,,,,,,0
,,,,,,,0
,,,,,,,0
,,,,,,,0
,,,,,,,0
,,,,,,,0
,,,,,,,0
,,,,,,,0
,,,,,,,0
,,,,,,,0
,,,,,,,0
,,,,,,,0
,,,,,,,0
,,,,,,,0
,,,,,,,0
,,,,,,,0
,,,,,,,0
,,,,,,,0
,,,,,,,0
,,,,,,,0
,,,,,,,0
,,,,,,,0
,,,,,,,0
,,,,,,,0
,,,,,,,0
